{
  "frames": {
    "danger.png": {
      "frame": {
        "x": 0,
        "y": 0,
        "w": 256,
        "h": 256
      },
      "rotated": false,
      "trimmed": false,
      "spriteSourceSize": {
        "x": 0,
        "y": 0,
        "w": 256,
        "h": 256
      },
      "sourceSize": {
        "w": 256,
        "h": 256
      },
      "pivot": {
        "x": 0.5,
        "y": 0.5
      }
    },
    "orb_blue.png": {
      "frame": {
        "x": 0,
        "y": 256,
        "w": 64,
        "h": 64
      },
      "rotated": false,
      "trimmed": false,
      "spriteSourceSize": {
        "x": 0,
        "y": 0,
        "w": 64,
        "h": 64
      },
      "sourceSize": {
        "w": 64,
        "h": 64
      },
      "pivot": {
        "x": 0.5,
        "y": 0.5
      }
    },
    "orb_green.png": {
      "frame": {
        "x": 64,
        "y": 256,
        "w": 64,
        "h": 64
      },
      "rotated": false,
      "trimmed": false,
      "spriteSourceSize": {
        "x": 0,
        "y": 0,
        "w": 64,
        "h": 64
      },
      "sourceSize": {
        "w": 64,
        "h": 64
      },
      "pivot": {
        "x": 0.5,
        "y": 0.5
      }
    },
    "orb_red.png": {
      "frame": {
        "x": 128,
        "y": 256,
        "w": 64,
        "h": 64
      },
      "rotated": false,
      "trimmed": false,
      "spriteSourceSize": {
        "x": 0,
        "y": 0,
        "w": 64,
        "h": 64
      },
      "sourceSize": {
        "w": 64,
        "h": 64
      },
      "pivot": {
        "x": 0.5,
        "y": 0.5
      }
    }
  },
  "meta": {
    "app": "http://free-tex-packer.com",
    "version": "0.6.5",
    "image": "MyPluginAtlas.png",
    "format": "RGBA8888",
    "size": {
      "w": 256,
      "h": 320
    },
    "scale": 1
  }
}